alias bruno	Bruno Lamberet <Bruno.Lamberet@free.fr>,
alias iannis Iannis Dandouras <Iannis.Dandouras@cesr.fr>
alias martha Kusterer Martha <Martha.Kusterer@jhuapl.edu>
alias cecile Chamamoueta <schwalen@free.fr>
alias antoine Antoine Maes <ant.maes@free.fr>
alias etienne Etienne Pallier <etienne.pallier@cesr.fr>
alias philippe Philippe Louarn <philippe.louarn@cesr.fr>
alias nicolas Nicolas Pene <Nicolas.Pene@cesr.fr>
alias pauleau Benoit Pauleau <benoit.pauleau@cesr.fr>
alias lagg Andreas Lagg <lagg@linmpi.mpg.de>
alias khatar Marc Chantreux <khatar@phear.org>
alias michoux Sebastien MICHEL <michoux@born2frag.org>
alias adella-users adella users <adella-users@googlegroups.com>
alias jeremy Jeremy Faden <jbf@cottagesystems.com>
alias don Don Mitchell <Don.Mitchell@jhuapl.edu>
alias franck Franck <aude_gam@club-internet.fr>
alias sylvie Sylvie Vilas <s.vilas@wanadoo.fr>
alias cops jx, simon, philippe, sebastien
alias sebastien Sébastien Dinot <sebastien.dinot@free.fr>
alias simon Simon Walter <simon.walter@free.fr>
alias philippe Philippe Midol <philippe@midol-monnet.org>
alias interlug interlug@aful.org
alias freed Frederic Rodrigo <f.rodrigo@free.fr>
alias cathare cathare <paj.richard@free.fr>
alias adella-dev adella-dev <adella-dev@googlegroups.com>
alias bureau asteroid, cathare, daniel, Antoine
alias garnier Philippe Garnier <garnier@cesr.fr>
alias jx Jean-Christophe Arnu <jx@tuxfarm.org>
alias fluxbox Fluxbox-U <fluxbox-users@lists.sourceforge.net>
alias fred Fred Boutet <Fred.Boutet@wanadoo.fr>
alias vincent Vincent Genot <Vincent.Genot@cesr.fr>
alias cedric Cedric <hillembrand@cesr.fr>
alias anne Anne <anne.hitier@wanadoo.fr>
alias Alain Alain <Alain.LAGUARIGUE@wanadoo.fr>
alias ludo Ludovic HITIER <ludohitier@wanadoo.fr>
alias xof Christophe <christophe.depaz@wanadoo.fr>
alias barriere Nicolas <barriere@cesr.fr>
alias puppet \"jean-christophe.enee\" <jean-christophe.enee@laposte.net>
alias adella-ca Conseil d\'Administration <adella-ca@adella.org>
alias eric Eric BRESSON <e-bresson@wanadoo.fr>
alias olivier Olivier ARMENGAUD <olivier.armengaud@cesr.fr>
alias christian Christian JACQUEY <Christian.Jacquey@cesr.fr>
alias odile Odile Coeur-Joly <Odile.Coeur-joly@cesr.fr>
alias damien Damien Rambaud <Damien.Rambaud@cesr.fr>
alias elena Elena <Elena.Budnik@cesr.fr>
alias patricia Patricia Schippers <patricia.schippers@cesr.fr>
alias michel_gangloff Michel Gangloff <Michel.Gangloff@cesr.fr>
alias chris Chris Harvey <Chris.Harvey@cesr.fr>
alias cdmi CDMI <informaticiens@cesr.fr>
alias Saab Sabine <Sab.Gueganton@wanadoo.fr>
alias grisbi grisbi <grisbi-user-french@lists.sourceforge.net>
alias daniel Daniel Rocher <daniel.rocher@adella.org>
alias matthias Matthias Hannier <matthias.hannier@infinylink.com>
alias alain Alain <alain.barthe@cesr.fr>
alias jean-michel Jean-Michel Glorian <Jean-Michel.Glorian@cesr.fr>
alias henry Henry-Claude Séran <henry-claude.seran@cesr.fr>
alias cdmi-bureau nicolas, cedric, etienne, alain, jean-michel
alias mcornuet Michel Cornuet <mcornuet@sapie.coop>
alias gpernot Guillaume Pernot <gpernot@praksys.org>
alias cric Jean-Christophe Babinet <jcbabinet@praksys.fr>
alias thomas Thomas Moreau <thomas.moreau@yahoo.fr>
alias simon.walter Simon Walter <simon.walter@free.fr>
alias delphine Delphine Hitier <delphine@hitier.com>
alias stephanie.juet stéphanie DEPAZ <stephanie.juet@hotmail.fr>
alias thierry.duprat Thierry Duprat <thierry.duprat@cesr.fr>
alias compil-pilote Comite de Pilotage <compil-pilote@laas.fr>
alias heraud Fabrice HERAUD CreAude <fabrice.heraud@creaude.com>
alias dominique Dominique Toublanc <dominique.toublanc@cesr.fr>
alias jaumier Jean-François Jaumier <cgme@cabex-online.fr>
alias amda_idis etienne, christian, vincent, elena, michel_gangloff
alias valerie.picolo PICOLO Valérie <valerie.picolo@mairie-brest.fr>
alias elodie Elodie Bourrec <elodie.bourrec@ast.obs-mip.fr>
alias ast3roid Jérôme PRIOR <ast3roid@gmail.com>
alias j.gasparotto Jacques <j.gasparotto@sieurdarques.com>
alias paul Paul Richard <paj.richard@free.fr>
alias laurent Laurent Marseault <laurent@outils-reseaux.org>
alias sylvestre.maurice Sylvestre Maurice <sylvestre.maurice@cesr.fr>
alias danielle Danielle Rivière <d.riviere.cidja@wanadoo.fr>
alias patrice Patrice CAMPACI - Ville de BRAM <patrice.campaci@villedebram.fr>
alias Agnes Agnes Cousin <Agnes.Cousin@cesr.fr>
alias Yann Yann Parot <Yann.Parot@cesr.fr>
alias librecom34 Librecom <librecom34@orange.fr>
alias myriam myriam martin <martin_frmjclr@yahoo.fr>
alias erick.lenguin erick <erick.lenguin@jeunesse-sports.gouv.fr>
alias Olivier.Gasnault Olivier Gasnault <Olivier.Gasnault@cesr.fr>
alias bibie bibie <bibie.b@wanadoo.fr>
alias m.hannier Matthias HANNIER <m.hannier@gmail.com>
